{"current":{"logo":"shopify:\/\/shop_images\/SCOTIA_KELPS_LOGO_TEAL_copy.png","logo_width":300,"favicon":"shopify:\/\/shop_images\/Untitled_design.png","colors_solid_button_labels":"#eeefc7","colors_accent_1":"#0e495d","gradient_accent_1":"","colors_accent_2":"#2a897d","gradient_accent_2":"","colors_text":"#0e495d","colors_outline_button_labels":"#0e495d","colors_background_1":"#eeefc7","gradient_background_1":"","colors_background_2":"#fff","gradient_background_2":"","type_header_font":"righteous_n4","heading_scale":130,"type_body_font":"anonymous_pro_n4","body_scale":100,"page_width":1200,"spacing_sections":0,"spacing_grid_horizontal":40,"spacing_grid_vertical":40,"buttons_border_thickness":3,"buttons_border_opacity":100,"buttons_radius":0,"buttons_shadow_opacity":0,"buttons_shadow_horizontal_offset":0,"buttons_shadow_vertical_offset":4,"buttons_shadow_blur":5,"variant_pills_border_thickness":1,"variant_pills_border_opacity":100,"variant_pills_radius":0,"variant_pills_shadow_opacity":0,"variant_pills_shadow_horizontal_offset":0,"variant_pills_shadow_vertical_offset":4,"variant_pills_shadow_blur":5,"inputs_border_thickness":1,"inputs_border_opacity":100,"inputs_radius":0,"inputs_shadow_opacity":0,"inputs_shadow_horizontal_offset":0,"inputs_shadow_vertical_offset":4,"inputs_shadow_blur":5,"card_style":"standard","card_image_padding":0,"card_text_alignment":"left","card_color_scheme":"background-2","card_border_thickness":0,"card_border_opacity":10,"card_corner_radius":0,"card_shadow_opacity":0,"card_shadow_horizontal_offset":0,"card_shadow_vertical_offset":4,"card_shadow_blur":5,"collection_card_style":"standard","collection_card_image_padding":0,"collection_card_text_alignment":"left","collection_card_color_scheme":"background-2","collection_card_border_thickness":0,"collection_card_border_opacity":10,"collection_card_corner_radius":0,"collection_card_shadow_opacity":0,"collection_card_shadow_horizontal_offset":0,"collection_card_shadow_vertical_offset":4,"collection_card_shadow_blur":5,"blog_card_style":"standard","blog_card_image_padding":0,"blog_card_text_alignment":"left","blog_card_color_scheme":"background-2","blog_card_border_thickness":0,"blog_card_border_opacity":10,"blog_card_corner_radius":0,"blog_card_shadow_opacity":0,"blog_card_shadow_horizontal_offset":0,"blog_card_shadow_vertical_offset":4,"blog_card_shadow_blur":5,"text_boxes_border_thickness":0,"text_boxes_border_opacity":10,"text_boxes_radius":0,"text_boxes_shadow_opacity":0,"text_boxes_shadow_horizontal_offset":0,"text_boxes_shadow_vertical_offset":4,"text_boxes_shadow_blur":5,"media_border_thickness":0,"media_border_opacity":10,"media_radius":0,"media_shadow_opacity":0,"media_shadow_horizontal_offset":0,"media_shadow_vertical_offset":4,"media_shadow_blur":5,"popup_border_thickness":1,"popup_border_opacity":100,"popup_corner_radius":0,"popup_shadow_opacity":0,"popup_shadow_horizontal_offset":0,"popup_shadow_vertical_offset":4,"popup_shadow_blur":5,"drawer_border_thickness":1,"drawer_border_opacity":100,"drawer_shadow_opacity":0,"drawer_shadow_horizontal_offset":0,"drawer_shadow_vertical_offset":4,"drawer_shadow_blur":5,"badge_position":"top left","badge_corner_radius":0,"sale_badge_color_scheme":"background-2","sold_out_badge_color_scheme":"background-1","accent_icons":"text","brand_headline":"A Scottish Seaweed Company","brand_description":"<p>Welcome to our Seaweed brand, Scotia Kelps! We pride ourselves on producing high-quality sea moss and gel products that are sustainably sourced from the pristine waters of St. Lucia. <\/p><p>Our gel is packed with vitamins and minerals that provide numerous health benefits, and we're committed to ensuring that our products are both healthy and delicious. <\/p><p>We work closely with local farmers and communities to ensure that our gel is produced in an environmentally friendly and socially responsible way, and we're constantly striving to improve our operations to create a more sustainable future. <\/p><p>Thank you for choosing our high quality products, we can't wait for you to try them!<\/p>","brand_image":"shopify:\/\/shop_images\/SCOTIA_KELPS_BANNER_2_copy.jpg","brand_image_width":115,"social_facebook_link":"https:\/\/facebook.com\/scotiakelps","social_instagram_link":"https:\/\/instagram.com\/scotiakelps","social_youtube_link":"","social_tiktok_link":"https:\/\/www.tiktok.com\/@scotiakelps","social_twitter_link":"https:\/\/twitter.com\/scotiakelps","social_snapchat_link":"","social_pinterest_link":"https:\/\/pinterest.com\/scotiakelps","social_tumblr_link":"https:\/\/scotiakelps.tumblr.com","social_vimeo_link":"","predictive_search_enabled":true,"predictive_search_show_vendor":false,"predictive_search_show_price":false,"currency_code_enabled":true,"cart_type":"drawer","show_vendor":true,"show_cart_note":true,"cart_drawer_collection":"","checkout_logo_image":"shopify:\/\/shop_images\/SCOTIA_KELPS_LOGO_TEAL_copy.png","sections":{"main-password-header":{"type":"main-password-header","custom_css":[],"settings":{"color_scheme":"background-1"}},"main-password-footer":{"type":"main-password-footer","settings":{"color_scheme":"background-1"}},"custom-font":{"type":"custom-font","settings":{"enable_custom-font":true,"custom-font":"https:\/\/cdn.shopify.com\/s\/files\/1\/0752\/6714\/6001\/files\/BoldeRough.woff2?v=1682865190","name-font":"Bolde Rough"}}},"content_for_index":[],"blocks":{"14060646107696862457":{"type":"shopify:\/\/apps\/judge-me-product-reviews\/blocks\/judgeme_core\/61ccd3b1-a9f2-4160-9fe9-4fec8413e5d8","disabled":false,"settings":{}}}},"presets":{"Default":{"logo_width":160,"colors_solid_button_labels":"#dfdfd8","colors_accent_1":"#855832","gradient_accent_1":"","colors_accent_2":"#4c6762","gradient_accent_2":"","colors_text":"#11151c","colors_outline_button_labels":"#855832","colors_background_1":"#dfdfd8","gradient_background_1":"","colors_background_2":"#ffffff","gradient_background_2":"","type_header_font":"fs_kim_n5","heading_scale":130,"type_body_font":"fs_koopman_n4","body_scale":100,"page_width":1200,"spacing_sections":0,"spacing_grid_horizontal":40,"spacing_grid_vertical":40,"buttons_border_thickness":1,"buttons_border_opacity":100,"buttons_radius":0,"buttons_shadow_opacity":0,"buttons_shadow_horizontal_offset":0,"buttons_shadow_vertical_offset":4,"buttons_shadow_blur":5,"variant_pills_border_thickness":1,"variant_pills_border_opacity":100,"variant_pills_radius":0,"variant_pills_shadow_opacity":0,"variant_pills_shadow_horizontal_offset":0,"variant_pills_shadow_vertical_offset":4,"variant_pills_shadow_blur":5,"inputs_border_thickness":1,"inputs_border_opacity":100,"inputs_radius":0,"inputs_shadow_opacity":0,"inputs_shadow_horizontal_offset":0,"inputs_shadow_vertical_offset":4,"inputs_shadow_blur":5,"card_style":"standard","card_image_padding":0,"card_text_alignment":"left","card_color_scheme":"background-2","card_border_thickness":0,"card_border_opacity":10,"card_corner_radius":0,"card_shadow_opacity":0,"card_shadow_horizontal_offset":0,"card_shadow_vertical_offset":4,"card_shadow_blur":5,"collection_card_border_opacity":10,"collection_card_shadow_opacity":0,"collection_card_shadow_vertical_offset":4,"collection_card_shadow_blur":5,"collection_card_style":"standard","collection_card_image_padding":0,"collection_card_text_alignment":"left","collection_card_color_scheme":"background-2","collection_card_border_thickness":0,"collection_card_corner_radius":0,"collection_card_shadow_horizontal_offset":0,"blog_card_style":"standard","blog_card_image_padding":0,"blog_card_text_alignment":"left","blog_card_color_scheme":"background-2","blog_card_border_thickness":0,"blog_card_border_opacity":10,"blog_card_corner_radius":0,"blog_card_shadow_opacity":0,"blog_card_shadow_horizontal_offset":0,"blog_card_shadow_vertical_offset":4,"blog_card_shadow_blur":5,"text_boxes_border_thickness":0,"text_boxes_border_opacity":10,"text_boxes_radius":0,"text_boxes_shadow_opacity":0,"text_boxes_shadow_horizontal_offset":0,"text_boxes_shadow_vertical_offset":4,"text_boxes_shadow_blur":5,"media_border_thickness":0,"media_border_opacity":10,"media_radius":0,"media_shadow_opacity":0,"media_shadow_horizontal_offset":0,"media_shadow_vertical_offset":4,"media_shadow_blur":5,"popup_border_thickness":1,"popup_border_opacity":100,"popup_corner_radius":0,"popup_shadow_opacity":0,"popup_shadow_horizontal_offset":0,"popup_shadow_vertical_offset":4,"popup_shadow_blur":5,"drawer_border_thickness":1,"drawer_border_opacity":100,"drawer_shadow_opacity":0,"drawer_shadow_horizontal_offset":0,"drawer_shadow_vertical_offset":4,"drawer_shadow_blur":5,"badge_position":"top left","badge_corner_radius":0,"sale_badge_color_scheme":"accent-2","sold_out_badge_color_scheme":"background-1","accent_icons":"text","brand_headline":"","brand_description":"<p><\/p>","brand_image_width":100,"social_twitter_link":"","social_facebook_link":"","social_pinterest_link":"","social_instagram_link":"","social_tiktok_link":"","social_tumblr_link":"","social_snapchat_link":"","social_youtube_link":"","social_vimeo_link":"","predictive_search_enabled":true,"predictive_search_show_vendor":false,"predictive_search_show_price":false,"currency_code_enabled":true,"cart_type":"drawer","show_vendor":true,"show_cart_note":true,"cart_drawer_collection":"","sections":{"main-password-header":{"type":"main-password-header","settings":{"color_scheme":"background-1"}},"main-password-footer":{"type":"main-password-footer","settings":{"color_scheme":"background-1"}}}}},"platform_customizations":{"custom_css":[]}}