{"sections":{"main-collection-banner":{"type":"main-collection-banner","settings":{"show_collection_description":true,"show_collection_image":false,"color_scheme":"background-1"}},"main-collection-product-grid":{"type":"main-collection-product-grid","settings":{"products_per_page":8,"columns_desktop":2,"image_ratio":"adapt","show_secondary_image":false,"show_vendor":false,"show_rating":false,"enable_quick_add":false,"enable_filtering":false,"filter_type":"horizontal","enable_sorting":false,"columns_mobile":"1","padding_top":36,"padding_bottom":36}}},"order":["main-collection-banner","main-collection-product-grid"]}