{"sections":{"image-banner":{"type":"image-banner","settings":{"image":"shopify:\/\/shop_images\/SCOTIA_KELPS_BANNER_1.jpg","image_overlay_opacity":0,"image_height":"adapt","desktop_content_position":"middle-center","show_text_box":true,"desktop_content_alignment":"center","color_scheme":"background-1","image_behavior":"none","mobile_content_alignment":"center","stack_images_on_mobile":true,"show_text_below":true}},"featured-product":{"type":"featured-product","blocks":{"title":{"type":"title","settings":{"heading_size":"h2"}},"price":{"type":"price","settings":{}},"text":{"type":"text","settings":{"text":"<strong>Discover the unparalleled benefits of our Irish Sea Moss Gel, a sustainably sourced, nutrient-dense superfood that sets the standard in quality and environmental responsibility.        Experience the immune-boosting, digestion-enhancing, and skin-nourishing properties that make our product stand out from the rest. Elevate your health with Scotia Kelps Limited's Irish Sea Moss Gel today!<\/strong>","text_style":"body"}},"variant_picker":{"type":"variant_picker","settings":{"picker_type":"button"}},"buy_buttons":{"type":"buy_buttons","settings":{"show_dynamic_checkout":true}},"share":{"type":"share","settings":{"share_label":"Share"}}},"block_order":["title","price","text","variant_picker","buy_buttons","share"],"settings":{"product":"irish-sea-moss-gel-the-caribbean-collection","color_scheme":"background-1","secondary_background":false,"media_size":"medium","constrain_to_viewport":true,"media_fit":"contain","media_position":"left","image_zoom":"lightbox","hide_variants":false,"enable_video_looping":true,"padding_top":32,"padding_bottom":48}},"rich-text-1":{"type":"rich-text","settings":{"desktop_content_position":"center","content_alignment":"center","color_scheme":"inverse","full_width":true,"padding_top":12,"padding_bottom":12}},"f2534bcf-2143-430c-8701-fc6e3ca1d08b":{"type":"video","settings":{"heading":"","heading_size":"h1","enable_video_looping":false,"video":"shopify:\/\/files\/videos\/Copy of coming soon.mp4","video_url":"https:\/\/www.youtube.com\/watch?v=_9VUPq3SxOc","description":"","full_width":true,"color_scheme":"background-1","padding_top":0,"padding_bottom":0}},"multicolumn":{"type":"multicolumn","settings":{"title":"","heading_size":"h1","image_width":"full","image_ratio":"adapt","columns_desktop":3,"column_alignment":"left","background_style":"none","button_label":"","button_link":"","color_scheme":"inverse","columns_mobile":"1","swipe_on_mobile":false,"padding_top":12,"padding_bottom":12}}},"order":["image-banner","featured-product","rich-text-1","f2534bcf-2143-430c-8701-fc6e3ca1d08b","multicolumn"]}