{"sections":{"main":{"type":"main-product","blocks":{"3602350e-8d29-4798-b50c-afe01b9eeac1":{"type":"shopify:\/\/apps\/judge-me-product-reviews\/blocks\/preview_badge\/61ccd3b1-a9f2-4160-9fe9-4fec8413e5d8","settings":{}},"text":{"type":"text","settings":{"text":"{{ product.vendor }}","text_style":"body"}},"title":{"type":"title","settings":{}},"price":{"type":"price","settings":{}},"rating":{"type":"rating","settings":{}},"description":{"type":"description","settings":{}},"variant_picker":{"type":"variant_picker","settings":{"picker_type":"button"}},"quantity_selector":{"type":"quantity_selector","settings":{}},"buy_buttons":{"type":"buy_buttons","settings":{"show_dynamic_checkout":true,"show_gift_card_recipient":false}},"share":{"type":"share","settings":{"share_label":"Share"}},"e71350f8-9fe3-4c66-9ebd-b5c4ffa99ed1":{"type":"shopify:\/\/apps\/judge-me-product-reviews\/blocks\/featured_carousel\/61ccd3b1-a9f2-4160-9fe9-4fec8413e5d8","settings":{"maxwidth":1080}}},"block_order":["3602350e-8d29-4798-b50c-afe01b9eeac1","text","title","price","rating","description","variant_picker","quantity_selector","buy_buttons","share","e71350f8-9fe3-4c66-9ebd-b5c4ffa99ed1"],"settings":{"enable_sticky_info":true,"media_size":"medium","constrain_to_viewport":true,"media_fit":"contain","gallery_layout":"stacked","media_position":"left","image_zoom":"lightbox","mobile_thumbnails":"show","hide_variants":true,"enable_video_looping":false,"padding_top":52,"padding_bottom":24}},"related-products":{"type":"related-products","settings":{"heading":"You may also like","heading_size":"h2","products_to_show":4,"columns_desktop":4,"color_scheme":"background-1","image_ratio":"square","show_secondary_image":true,"show_vendor":false,"show_rating":false,"columns_mobile":"2","padding_top":36,"padding_bottom":28}},"judgeme_section_review_widget_1998":{"type":"apps","blocks":{"judgeme_review_widget_33fc2998":{"type":"shopify:\/\/apps\/judge-me-product-reviews\/blocks\/review_widget\/61ccd3b1-a9f2-4160-9fe9-4fec8413e5d8","settings":{}}},"block_order":["judgeme_review_widget_33fc2998"],"settings":{"include_margins":true}}},"order":["main","judgeme_section_review_widget_1998","related-products"]}