{"name":"t:sections.footer.name","type":"footer","sections":{"1686338565a64f1eb9":{"type":"apps","settings":{"include_margins":true}},"footer":{"type":"footer","settings":{"color_scheme":"background-1","newsletter_enable":true,"newsletter_heading":"Subscribe to our email list","enable_follow_on_shop":true,"show_social":true,"enable_country_selector":true,"enable_language_selector":true,"payment_enable":true,"show_policy":false,"margin_top":0,"padding_top":48,"padding_bottom":48}}},"order":["1686338565a64f1eb9","footer"]}