{"name":"t:sections.header.name","type":"header","sections":{"announcement-bar":{"type":"announcement-bar","blocks":{"announcement":{"type":"announcement","settings":{"text":"Welcome to our store","text_alignment":"center","color_scheme":"accent-1","link":"shopify:\/\/collections\/all"}}},"block_order":["announcement"],"settings":{}},"header":{"type":"header","settings":{"logo_position":"top-center","menu":"main-menu","menu_type_desktop":"dropdown","sticky_header_type":"none","show_line_separator":false,"color_scheme":"background-1","enable_country_selector":false,"enable_language_selector":false,"mobile_logo_position":"center","margin_bottom":0,"padding_top":36,"padding_bottom":12}}},"order":["announcement-bar","header"]}